{"3jIArAU+80AnFEUXcsMPEg==":"wilsan-u-bcatba86waw-unsplash-2000x1325.jpg","5I/rtnIfNc/6aBUsT1Dvng==":"bannertop-121x127.jpg","qgeq/5xwAtLCiCFRyW2J3g==":"bannertop-219x230.jpg","Y/+cd0pZEo02Ho5Ryj972Q==":"mbr-1920x1132.jpg","HkP4Nnfv5n6H8ls1FhB09g==":"mbr-1920x1280.jpg","rEi1JA1hKF9bYNH5bGb/Aw==":"mbr-1920x1280.jpg","YEBhIMss4lxtOgARqCS+mw==":"plant-disease-562x722.jpg","cs7UbSNlRi2O8wcTwatbXQ==":"mbr-696x466.jpg","jVnbewkP9DhqyDrwSB2iVQ==":"crop%20yield.webp","WyXFEg5VQ9s2X5bV73AkmA==":"mbr-1920x1272.jpg","uryWmpBY57kKwUkPKWDqqA==":"mbr-2-1920x1280.jpg"}